"Yes","MB",0.396,-0.862,-0.384,-0.07100000000000001,0.528,-0.862,-0.512,-0.07100000000000001,0.8078777396885498,2023,3,22,"S0107-TC-20230322-1239"
"No","MB",-0.148,0.192,0.362,0.5630000000000001,-0.1973333333333333,0.192,0.48266666666666663,0.5630000000000001,0.32827246769032603,2023,3,22,"S0107-TC-20230322-1239"
"Yes","MB",-0.801,-0.591,0.14,0.159,-1.068,-0.591,0.18666666666666668,0.159,0.9885871016697574,2023,3,22,"S0107-TC-20230322-1239"
"Yes","MB",-0.41000000000000003,0.589,-0.423,0.37,-0.5466666666666666,0.589,-0.564,0.37,0.03619608333333332,2023,3,22,"S0107-TC-20230322-1239"
"Yes","MB",-0.632,-0.686,-0.59,-0.002,-0.8426666666666667,-0.686,-0.7866666666666666,-0.002,0.317491007933078,2023,3,22,"S0107-TC-20230322-1239"
"No","MB",0.353,0.06,-0.244,-0.002,0.4706666666666666,0.06,-0.3253333333333333,-0.002,0.47809499999999994,2023,3,22,"S0107-TC-20230322-1239"
"No","MB",-0.623,-0.2,-0.096,-0.35100000000000003,-0.8306666666666667,-0.2,-0.128,-0.35100000000000003,0.37721131098862154,2023,3,22,"S0107-TC-20230322-1239"
"Yes","MB",0.001,-0.258,0.379,0.456,0.0013333333333333333,-0.258,0.5053333333333333,0.456,0.42933408183790844,2023,3,22,"S0107-TC-20230322-1239"
"No","MB",-0.809,0.058,0.197,-0.28800000000000003,-1.0786666666666667,0.058,0.26266666666666666,-0.28800000000000003,0.9244596848765718,2023,3,22,"S0107-TC-20230322-1239"
"Yes","MB",0.02,0.17400000000000002,0.046,0.112,0.026666666666666665,0.17400000000000002,0.06133333333333333,0.112,0.003784333333333335,2023,3,22,"S0107-TC-20230322-1239"
"No","MB",0.242,0.28700000000000003,0.,0.189,0.32266666666666666,0.28700000000000003,0.,0.189,0.08528833333333334,2023,3,22,"S0107-TC-20230322-1239"
"Yes","MB",-0.124,-0.404,0.184,-0.31,-0.16533333333333333,-0.404,0.24533333333333332,-0.31,0.1331123333333333,2023,3,22,"S0107-TC-20230322-1239"
"No","MB",-0.375,0.268,-0.365,0.03,-0.5,0.268,-0.48666666666666664,0.03,0.04261633333333334,2023,3,22,"S0107-TC-20230322-1239"
"No","MB",-0.622,-0.546,-0.41200000000000003,0.189,-0.8293333333333333,-0.546,-0.5493333333333333,0.189,0.4339649402990733,2023,3,22,"S0107-TC-20230322-1239"
"Yes","MB",-0.605,-0.713,-0.032,0.417,-0.8066666666666666,-0.713,-0.042666666666666665,0.417,0.9284147016530389,2023,3,22,"S0107-TC-20230322-1239"
"Yes","MB",-0.783,-0.289,-0.313,-0.329,-1.044,-0.289,-0.41733333333333333,-0.329,0.2925916082029311,2023,3,22,"S0107-TC-20230322-1239"
"No","MB",-0.456,0.759,0.362,-0.381,-0.608,0.759,0.48266666666666663,-0.381,0.9108935619002727,2023,3,22,"S0107-TC-20230322-1239"
"No","MB",0.181,-0.022,-0.714,-0.013000000000000001,0.24133333333333332,-0.022,-0.952,-0.013000000000000001,0.539707090164742,2023,3,22,"S0107-TC-20230322-1239"
"Yes","MB",-0.116,0.12,0.247,0.401,-0.15466666666666667,0.12,0.3293333333333333,0.401,0.23468078407794254,2023,3,22,"S0107-TC-20230322-1239"
"No","MB",-0.418,-0.793,-0.315,0.53,-0.5573333333333332,-0.793,-0.42,0.53,0.7529605873800945,2023,3,22,"S0107-TC-20230322-1239"
"Yes","MB",0.115,-0.888,-0.461,-0.107,0.15333333333333332,-0.888,-0.6146666666666667,-0.107,0.6379641317448157,2023,3,23,"S0107-TC-20230323-1240"
"No","MB",-0.546,0.221,0.252,0.23600000000000002,-0.728,0.221,0.33599999999999997,0.23600000000000002,0.7079684179080382,2023,3,23,"S0107-TC-20230323-1240"
"No","MB",0.403,0.311,-0.41200000000000003,-0.47800000000000004,0.5373333333333333,0.311,-0.5493333333333333,-0.47800000000000004,0.7332300952767329,2023,3,23,"S0107-TC-20230323-1240"
"No","MB",0.043000000000000003,-0.98,-0.337,0.192,0.05733333333333333,-0.98,-0.44933333333333336,0.192,0.8091087883974684,2023,3,23,"S0107-TC-20230323-1240"
"Yes","MB",-0.882,-0.07200000000000001,-0.28,0.063,-1.176,-0.07200000000000001,-0.37333333333333335,0.063,0.49687408333333327,2023,3,23,"S0107-TC-20230323-1240"
"No","MB",-0.775,-0.069,-0.269,-0.582,-1.0333333333333332,-0.069,-0.3586666666666667,-0.582,0.387091184356291,2023,3,23,"S0107-TC-20230323-1240"
"No","MB",0.108,-0.343,0.5630000000000001,-0.082,0.144,-0.343,0.7506666666666667,-0.082,0.3078610687792921,2023,3,23,"S0107-TC-20230323-1240"
"Yes","MB",-0.209,-0.497,-0.41200000000000003,-0.593,-0.2786666666666666,-0.497,-0.5493333333333333,-0.593,0.06185733333333336,2023,3,23,"S0107-TC-20230323-1240"
"Yes","MB",0.489,0.53,0.211,-0.423,0.6519999999999999,0.53,0.2813333333333333,-0.423,0.5989919686793682,2023,3,23,"S0107-TC-20230323-1240"
"No","MB",0.521,-0.233,-0.379,0.7030000000000001,0.6946666666666667,-0.233,-0.5053333333333333,0.7030000000000001,0.7734578360068781,2023,3,23,"S0107-TC-20230323-1240"
"No","MB",-0.367,0.07100000000000001,0.013000000000000001,-0.359,-0.4893333333333333,0.07100000000000001,0.017333333333333333,-0.359,0.3295401152237234,2023,3,23,"S0107-TC-20230323-1240"
"Yes","MB",0.41300000000000003,-0.881,0.049,0.076,0.5506666666666666,-0.881,0.06533333333333333,0.076,0.8231132401567275,2023,3,23,"S0107-TC-20230323-1240"
"Yes","MB",-0.28200000000000003,0.713,-0.436,0.596,-0.376,0.713,-0.5813333333333333,0.596,0.04188808333333331,2023,3,23,"S0107-TC-20230323-1240"
"No","MB",0.17,0.76,0.17,0.074,0.22666666666666668,0.76,0.22666666666666668,0.074,0.35294700000000007,2023,3,23,"S0107-TC-20230323-1240"
"No","MB",-0.537,-0.094,-0.673,-0.423,-0.716,-0.094,-0.8973333333333333,-0.423,0.09141647948229054,2023,3,23,"S0107-TC-20230323-1240"
"No","MB",0.097,0.756,0.019,0.079,0.12933333333333333,0.756,0.025333333333333333,0.079,0.35185875000000005,2023,3,23,"S0107-TC-20230323-1240"
"Yes","MB",0.14400000000000002,0.014,0.11800000000000001,0.291,0.192,0.014,0.15733333333333333,0.291,0.05844808333333333,2023,3,23,"S0107-TC-20230323-1240"
"No","MB",0.272,0.925,-0.604,0.137,0.3626666666666667,0.925,-0.8053333333333332,0.137,0.7211275261489263,2023,3,23,"S0107-TC-20230323-1240"
"Yes","MB",0.809,-0.19,-0.579,-0.25,1.0786666666666667,-0.19,-0.7719999999999999,-0.25,0.9306025582227755,2023,3,23,"S0107-TC-20230323-1240"
"No","MB",0.747,0.081,0.019,0.189,0.996,0.081,0.025333333333333333,0.189,0.6743249665698093,2023,3,23,"S0107-TC-20230323-1240"
"Yes","MB",0.541,0.647,-0.516,-0.332,0.7213333333333334,0.647,-0.688,-0.332,0.8998388271238598,2023,3,23,"S0107-TC-20230323-1321-Repaired"
"No","MB",-0.377,0.438,0.392,-0.065,-0.5026666666666666,0.438,0.5226666666666666,-0.065,0.7124017309011992,2023,3,23,"S0107-TC-20230323-1321-Repaired"
"No","MB",0.241,-0.435,-0.258,0.156,0.3213333333333333,-0.435,-0.344,0.156,0.5712775299824912,2023,3,23,"S0107-TC-20230323-1321-Repaired"
"No","MB",-0.5630000000000001,-0.029,-0.41200000000000003,-0.442,-0.7506666666666667,-0.029,-0.5493333333333333,-0.442,0.15684363799452689,2023,3,23,"S0107-TC-20230323-1321-Repaired"
"Yes","MB",0.75,-0.316,-0.335,-0.307,1.,-0.316,-0.44666666666666666,-0.307,0.8781458185171971,2023,3,23,"S0107-TC-20230323-1321-Repaired"
"No","MB",0.158,0.616,0.26,0.23,0.21066666666666667,0.616,0.3466666666666667,0.23,0.12561900000000004,2023,3,23,"S0107-TC-20230323-1321-Repaired"
"Yes","MB",-0.363,-0.455,-0.304,0.043000000000000003,-0.484,-0.455,-0.4053333333333333,0.043000000000000003,0.1906443333333333,2023,3,23,"S0107-TC-20230323-1321-Repaired"
"Yes","MB",0.556,0.302,-0.164,0.002,0.7413333333333334,0.302,-0.21866666666666668,0.002,0.7484323357560698,2023,3,23,"S0107-TC-20230323-1321-Repaired"
"Yes","MB",-0.481,-0.834,-0.447,-0.5680000000000001,-0.6413333333333333,-0.834,-0.596,-0.5680000000000001,0.0546083333333333,2023,3,23,"S0107-TC-20230323-1321-Repaired"
"No","MB",-0.723,0.08700000000000001,-0.549,0.439,-0.964,0.08700000000000001,-0.732,0.439,0.1255420282787106,2023,3,23,"S0107-TC-20230323-1321-Repaired"
"Yes","MB",0.07100000000000001,-0.254,0.211,0.5760000000000001,0.09466666666666668,-0.254,0.2813333333333333,0.5760000000000001,0.4000296435257184,2023,3,23,"S0107-TC-20230323-1321-Repaired"
"Yes","MB",-0.709,0.375,-0.337,-0.178,-0.9453333333333332,0.375,-0.44933333333333336,-0.178,0.4111230055190472,2023,3,23,"S0107-TC-20230323-1321-Repaired"
"Yes","MB",0.024,0.455,0.164,-0.164,0.032,0.455,0.21866666666666668,-0.164,0.31350408333333335,2023,3,23,"S0107-TC-20230323-1321-Repaired"
"No","MB",0.40900000000000003,-0.595,-0.255,0.038,0.5453333333333333,-0.595,-0.33999999999999997,0.038,0.7687305509685238,2023,3,23,"S0107-TC-20230323-1321-Repaired"
"Yes","MB",0.121,-0.5690000000000001,-0.038,0.56,0.16133333333333333,-0.5690000000000001,-0.050666666666666665,0.56,0.6566993312772614,2023,3,23,"S0107-TC-20230323-1321-Repaired"
"Yes","MB",0.427,0.019,-0.41400000000000003,0.28,0.5693333333333332,0.019,-0.552,0.28,0.6713397611588751,2023,3,23,"S0107-TC-20230323-1321-Repaired"
"No","MB",-0.6920000000000001,0.38,-0.681,0.732,-0.9226666666666667,0.38,-0.908,0.732,0.04380943131314677,2023,3,23,"S0107-TC-20230323-1321-Repaired"
"No","MB",0.634,-0.627,0.145,-0.23,0.8453333333333333,-0.627,0.1933333333333333,-0.23,0.4363463830549808,2023,3,23,"S0107-TC-20230323-1321-Repaired"
"Yes","MB",0.49,-0.352,-0.629,-0.631,0.6533333333333333,-0.352,-0.8386666666666667,-0.631,0.669268705949335,2023,3,23,"S0107-TC-20230323-1321-Repaired"
"No","MB",0.714,0.132,0.197,0.255,0.952,0.132,0.26266666666666666,0.255,0.3677320833333334,2023,3,23,"S0107-TC-20230323-1321-Repaired"
"Yes","MB",-0.056,-0.964,0.11800000000000001,0.6970000000000001,-0.07466666666666666,-0.964,0.15733333333333333,0.6970000000000001,0.968554306802184,2023,3,23,"S0107-TC-20230323-1321-Repaired"
"Yes","MB",-0.406,0.8230000000000001,0.46900000000000003,-0.28500000000000003,-0.5413333333333333,0.8230000000000001,0.6253333333333333,-0.28500000000000003,0.8840226458483985,2023,3,23,"S0107-TC-20230323-1321-Repaired"
"No","MB",0.513,0.839,0.47200000000000003,-0.354,0.6839999999999999,0.839,0.6293333333333333,-0.354,0.6456270939935296,2023,3,23,"S0107-TC-20230323-1321-Repaired"
"Yes","MB",0.326,0.5650000000000001,0.39,-0.17500000000000002,0.43466666666666665,0.5650000000000001,0.52,-0.17500000000000002,0.40638269382136794,2023,3,23,"S0107-TC-20230323-1321-Repaired"
"Yes","MB",0.547,0.5680000000000001,0.192,-0.01,0.7293333333333334,0.5680000000000001,0.256,-0.01,0.41859633333333346,2023,3,23,"S0107-TC-20230323-1321-Repaired"
"Yes","MB",0.66,0.323,-0.739,0.483,0.88,0.323,-0.9853333333333333,0.483,0.8280406708437444,2023,3,23,"S0107-TC-20230323-1321-Repaired"
"Yes","MB",0.5750000000000001,0.581,-0.491,-0.362,0.7666666666666667,0.581,-0.6546666666666666,-0.362,0.9041824629073442,2023,3,23,"S0107-TC-20230323-1321-Repaired"
"No","MB",-0.483,-0.277,0.31,0.354,-0.6439999999999999,-0.277,0.41333333333333333,0.354,0.7593390615543115,2023,3,23,"S0107-TC-20230323-1321-Repaired"
"No","MB",-0.267,0.251,0.164,0.192,-0.356,0.251,0.21866666666666668,0.192,0.25029208333333336,2023,3,23,"S0107-TC-20230323-1321-Repaired"
"Yes","MB",-0.656,-0.061,0.546,0.8130000000000001,-0.8746666666666667,-0.061,0.728,0.8130000000000001,0.8262994419938341,2023,3,23,"S0107-TC-20230323-1321-Repaired"
"Yes","MB",0.856,-0.057,0.035,0.379,1.1413333333333333,-0.057,0.04666666666666667,0.379,0.7831737962228936,2023,3,24,"S0107-TC-20230324-1220-Repaired"
"No","MB",-0.07100000000000001,-0.221,0.392,0.919,-0.09466666666666668,-0.221,0.5226666666666666,0.919,0.5100097347074403,2023,3,24,"S0107-TC-20230324-1220-Repaired"
"No","MB",-0.931,-0.002,0.233,-0.263,-1.2413333333333334,-0.002,0.31066666666666665,-0.263,0.980386953144485,2023,3,24,"S0107-TC-20230324-1220-Repaired"
"No","MB",0.719,0.504,-0.6920000000000001,-0.5,0.9586666666666666,0.504,-0.9226666666666667,-0.5,0.954974009804674,2023,3,24,"S0107-TC-20230324-1220-Repaired"
"No","MB",0.258,0.887,0.101,0.14,0.344,0.887,0.13466666666666666,0.14,0.45137208333333334,2023,3,24,"S0107-TC-20230324-1220-Repaired"
"Yes","MB",-0.266,-0.031,-0.274,0.406,-0.3546666666666667,-0.031,-0.36533333333333334,0.406,0.14331208333333337,2023,3,24,"S0107-TC-20230324-1220-Repaired"
"Yes","MB",0.5730000000000001,0.138,0.5650000000000001,-0.052000000000000005,0.764,0.138,0.7533333333333334,-0.052000000000000005,0.02716033333333333,2023,3,24,"S0107-TC-20230324-1220-Repaired"
"Yes","MB",-0.081,0.621,-0.31,0.189,-0.108,0.621,-0.41333333333333333,0.189,0.20988933333333334,2023,3,24,"S0107-TC-20230324-1220-Repaired"
"Yes","MB",-0.732,0.672,-0.098,0.579,-0.976,0.672,-0.13066666666666665,0.579,0.40906967396130167,2023,3,24,"S0107-TC-20230324-1220-Repaired"
"No","MB",0.47300000000000003,-0.269,0.406,0.115,0.6306666666666667,-0.269,0.5413333333333333,0.115,0.11657733333333334,2023,3,24,"S0107-TC-20230324-1220-Repaired"
"No","MB",0.066,0.186,-0.587,0.219,0.088,0.186,-0.7826666666666666,0.219,0.41248945084764016,2023,3,24,"S0107-TC-20230324-1220-Repaired"
"No","MB",-0.335,-0.062,-0.241,0.395,-0.44666666666666666,-0.062,-0.3213333333333333,0.395,0.16841808333333336,2023,3,24,"S0107-TC-20230324-1220-Repaired"
"No","MB",0.982,0.093,0.436,-0.11800000000000001,1.3093333333333332,0.093,0.5813333333333333,-0.11800000000000001,0.4174384895994727,2023,3,24,"S0107-TC-20230324-1220-Repaired"
"No","MB",0.038,-0.145,-0.178,-0.631,0.050666666666666665,-0.145,-0.2373333333333333,-0.631,0.2025600199388567,2023,3,24,"S0107-TC-20230324-1220-Repaired"
"No","MB",-0.337,0.262,0.063,0.23,-0.44933333333333336,0.262,0.08399999999999999,0.23,0.21410133333333337,2023,3,24,"S0107-TC-20230324-1220-Repaired"
"Yes","MB",0.47800000000000004,-0.275,0.082,-0.14,0.6373333333333333,-0.275,0.10933333333333334,-0.14,0.22275675,2023,3,24,"S0107-TC-20230324-1220-Repaired"
"No","MB",0.754,0.552,-0.717,0.08700000000000001,1.0053333333333332,0.552,-0.956,0.08700000000000001,0.9334058478156024,2023,3,24,"S0107-TC-20230324-1220-Repaired"
"Yes","MB",-0.869,-0.368,0.51,0.164,-1.1586666666666665,-0.368,0.6799999999999999,0.164,0.9821674236204186,2023,3,24,"S0107-TC-20230324-1220-Repaired"
"Yes","MB",-0.47800000000000004,-0.721,-0.321,0.81,-0.6373333333333333,-0.721,-0.428,0.81,0.7614535452241842,2023,3,27,"S0107-TC-20230327-1140"
"Yes","MB",0.108,0.271,-0.62,0.461,0.144,0.271,-0.8266666666666667,0.461,0.4109695671601347,2023,3,27,"S0107-TC-20230327-1140"
"Yes","MB",-0.507,0.728,0.219,-0.109,-0.6759999999999999,0.728,0.292,-0.109,0.8890179697021711,2023,3,27,"S0107-TC-20230327-1140"
"Yes","MB",-0.23700000000000002,-0.053,-0.436,-0.277,-0.316,-0.053,-0.5813333333333333,-0.277,0.09043333333333331,2023,3,27,"S0107-TC-20230327-1140"
"Yes","MB",-0.58,-0.522,-0.151,0.23600000000000002,-0.7733333333333332,-0.522,-0.2013333333333333,0.23600000000000002,0.6212219618357322,2023,3,27,"S0107-TC-20230327-1140"
"No","MB",0.811,0.199,0.052000000000000005,0.203,1.0813333333333333,0.199,0.06933333333333333,0.203,0.7055894204326323,2023,3,27,"S0107-TC-20230327-1140"
"No","MB",0.325,0.849,-0.217,-0.898,0.43333333333333335,0.849,-0.28933333333333333,-0.898,0.9615676742084798,2023,3,27,"S0107-TC-20230327-1140"
"Yes","MB",0.56,0.14,0.214,0.392,0.7466666666666667,0.14,0.2853333333333333,0.392,0.20724933333333337,2023,3,27,"S0107-TC-20230327-1140"
"Yes","MB",0.481,-0.23,-0.255,-0.17,0.6413333333333333,-0.23,-0.33999999999999997,-0.17,0.6592250783704267,2023,3,27,"S0107-TC-20230327-1140"
"Yes","MB",0.656,0.117,-0.392,-0.263,0.8746666666666667,0.117,-0.5226666666666666,-0.263,0.854534730564709,2023,3,27,"S0107-TC-20230327-1140"
"No","MB",0.882,0.218,0.129,0.247,1.176,0.218,0.172,0.247,0.6736964656614725,2023,3,27,"S0107-TC-20230327-1140"
"Yes","MB",0.47000000000000003,0.628,0.101,-0.115,0.6266666666666667,0.628,0.13466666666666666,-0.115,0.5943240780925599,2023,3,27,"S0107-TC-20230327-1140"
"No","MB",0.20800000000000002,-0.657,-0.5630000000000001,0.299,0.2773333333333333,-0.657,-0.7506666666666667,0.299,0.7244926348147251,2023,3,27,"S0107-TC-20230327-1140"
"No","MB",0.117,-0.626,0.112,0.252,0.156,-0.626,0.14933333333333332,0.252,0.5487415367612409,2023,3,27,"S0107-TC-20230327-1140"
"Yes","MB",0.581,-0.47000000000000003,-0.662,-0.749,0.7746666666666666,-0.47000000000000003,-0.8826666666666667,-0.749,0.7068894365573023,2023,3,27,"S0107-TC-20230327-1140"
"Yes","MB",0.6880000000000001,0.579,-0.793,-0.39,0.9173333333333333,0.579,-1.0573333333333332,-0.39,0.946226997138019,2023,3,27,"S0107-TC-20230327-1140"
"Yes","MB",-0.62,0.595,-0.258,-0.598,-0.8266666666666667,0.595,-0.344,-0.598,0.7098144527243705,2023,3,27,"S0107-TC-20230327-1140"
"Yes","MB",-0.353,0.603,-0.046,0.137,-0.4706666666666666,0.603,-0.06133333333333333,0.137,0.2885323333333333,2023,3,27,"S0107-TC-20230327-1140"
"No","MB",-0.768,-0.506,-0.20600000000000002,-0.09,-1.024,-0.506,-0.27466666666666667,-0.09,0.5509173333333335,2023,3,27,"S0107-TC-20230327-1140"
"Yes","MB",-0.044,0.314,0.20600000000000002,0.126,-0.05866666666666666,0.314,0.27466666666666667,0.126,0.10984133333333332,2023,3,27,"S0107-TC-20230327-1140"
"No","MB",-0.39,0.098,-0.019,0.241,-0.52,0.098,-0.025333333333333333,0.241,0.19885808333333332,2023,3,27,"S0107-TC-20230327-1140"
"Yes","MB",-0.355,0.71,0.39,0.785,-0.4733333333333333,0.71,0.52,0.785,0.3774091696649125,2023,3,27,"S0107-TC-20230327-1140"
"Yes","MB",0.607,0.136,-0.25,-0.64,0.8093333333333332,0.136,-0.3333333333333333,-0.64,0.7605954599989678,2023,3,27,"S0107-TC-20230327-1140"
"Yes","MB",-0.214,0.405,-0.549,0.28500000000000003,-0.2853333333333333,0.405,-0.732,0.28500000000000003,0.16035835499733747,2023,3,27,"S0107-TC-20230327-1140"
"Yes","MB",-0.17300000000000001,-0.307,0.162,0.068,-0.2306666666666667,-0.307,0.216,0.068,0.25510208333333334,2023,3,27,"S0107-TC-20230327-1140"
"Yes","MB",-0.937,-0.297,-0.461,-0.384,-1.2493333333333334,-0.297,-0.6146666666666667,-0.384,0.2717555688791496,2023,3,28,"S0107-TC-20230328-1054"
"No","MB",0.406,-0.01,-0.28,0.162,0.5413333333333333,-0.01,-0.37333333333333335,0.162,0.6050996181529106,2023,3,28,"S0107-TC-20230328-1054"
"Yes","MB",-0.339,0.679,0.079,-0.005,-0.452,0.679,0.10533333333333333,-0.005,0.5838573333333333,2023,3,28,"S0107-TC-20230328-1054"
"Yes","MB",-0.051000000000000004,0.29,0.799,0.6,-0.068,0.29,1.0653333333333332,0.6,0.3906466942976951,2023,3,28,"S0107-TC-20230328-1054"
"No","MB",-0.188,0.093,-0.241,-0.096,-0.25066666666666665,0.093,-0.3213333333333333,-0.096,0.030536083333333335,2023,3,28,"S0107-TC-20230328-1054"
"No","MB",-0.246,0.23700000000000002,0.217,0.368,-0.32799999999999996,0.23700000000000002,0.28933333333333333,0.368,0.29568559054376153,2023,3,28,"S0107-TC-20230328-1054"
"Yes","MB",-0.637,0.466,-0.799,0.483,-0.8493333333333333,0.466,-1.0653333333333332,0.483,0.025030924395833244,2023,3,28,"S0107-TC-20230328-1054"
"Yes","MB",0.158,0.366,-0.442,0.098,0.21066666666666667,0.366,-0.5893333333333333,0.098,0.4859364496512943,2023,3,28,"S0107-TC-20230328-1054"
"No","MB",-0.14100000000000001,-0.058,0.587,-0.01,-0.188,-0.058,0.7826666666666666,-0.01,0.4918406574543374,2023,3,28,"S0107-TC-20230328-1054"
"Yes","MB",-0.41300000000000003,0.212,0.17500000000000002,-0.274,-0.5506666666666666,0.212,0.23333333333333334,-0.274,0.5783436200316819,2023,3,28,"S0107-TC-20230328-1054"
"Yes","MB",-0.583,0.107,0.054,0.189,-0.7773333333333332,0.107,0.072,0.189,0.5406818961098669,2023,3,28,"S0107-TC-20230328-1054"
"Yes","MB",0.548,-0.708,-0.684,0.648,0.7306666666666667,-0.708,-0.912,0.648,0.937488550984835,2023,3,28,"S0107-TC-20230328-1054"
"No","MB",0.275,0.23500000000000001,0.222,0.162,0.3666666666666667,0.23500000000000001,0.296,0.162,0.00774208333333334,2023,3,28,"S0107-TC-20230328-1054"
"No","MB",0.663,0.5740000000000001,-0.436,-0.326,0.884,0.5740000000000001,-0.5813333333333333,-0.326,0.940492907906389,2023,3,28,"S0107-TC-20230328-1054"
"No","MB",-0.897,-0.073,0.043000000000000003,-0.024,-1.196,-0.073,0.05733333333333333,-0.024,0.9686081640755401,2023,3,28,"S0107-TC-20230328-1054"
"No","MB",-0.217,0.926,0.318,-0.211,-0.28933333333333333,0.926,0.424,-0.211,0.8517745454656146,2023,3,28,"S0107-TC-20230328-1054"
"Yes","MB",-0.561,0.531,-0.401,-0.008,-0.748,0.531,-0.5346666666666666,-0.008,0.25202408333333337,2023,3,28,"S0107-TC-20230328-1054"
"No","MB",0.448,-0.448,0.076,-0.228,0.5973333333333333,-0.448,0.10133333333333333,-0.228,0.22081199999999993,2023,3,28,"S0107-TC-20230328-1054"
"No","MB",0.978,0.046,-0.005,-0.538,1.3039999999999998,0.046,-0.006666666666666666,-0.538,0.912296620604663,2023,3,28,"S0107-TC-20230328-1054"
"Yes","MB",-0.162,0.962,-0.678,0.56,-0.216,0.962,-0.904,0.56,0.25280885523974767,2023,3,28,"S0107-TC-20230328-1054"
"Yes","MB",-0.524,0.834,0.302,-0.379,-0.6986666666666667,0.834,0.4026666666666666,-0.379,0.961892761304137,2023,3,28,"S0107-TC-20230328-1054"
"Yes","MB",-0.839,0.265,-0.384,0.112,-1.1186666666666665,0.265,-0.512,0.112,0.2935900833333331,2023,3,28,"S0107-TC-20230328-1054"
"No","MB",0.418,0.892,-0.5680000000000001,0.28800000000000003,0.5573333333333332,0.892,-0.7573333333333334,0.28800000000000003,0.7463275780030743,2023,3,28,"S0107-TC-20230328-1054"
"Yes","MB",0.534,0.42,-0.395,0.527,0.712,0.42,-0.5266666666666666,0.527,0.6578789901385795,2023,3,28,"S0107-TC-20230328-1054"
"Yes","MB",-0.5650000000000001,-0.302,-0.318,-0.359,-0.7533333333333334,-0.302,-0.424,-0.359,0.08378208333333337,2023,3,28,"S0107-TC-20230328-1054"
"No","MB",-0.397,-0.898,-0.684,0.002,-0.5293333333333333,-0.898,-0.912,0.002,0.4386120017327278,2023,3,28,"S0107-TC-20230328-1054"
"No","MB",0.299,-0.128,-0.06,0.151,0.3986666666666666,-0.128,-0.07999999999999999,0.151,0.23022208333333322,2023,3,28,"S0107-TC-20230328-1054"
"No","MB",0.7010000000000001,0.021,-0.557,0.159,0.9346666666666668,0.021,-0.7426666666666667,0.159,0.8805572827036349,2023,3,28,"S0107-TC-20230328-1054"
"No","MB",0.35100000000000003,0.254,0.307,0.76,0.468,0.254,0.4093333333333333,0.76,0.13569032318775778,2023,3,28,"S0107-TC-20230328-1054"
"No","MB",0.08,0.9570000000000001,-0.546,0.274,0.10666666666666666,0.9570000000000001,-0.728,0.274,0.550935787349732,2023,3,28,"S0107-TC-20230328-1054"
"No","MB",0.28,0.047,-0.024,0.59,0.37333333333333335,0.047,-0.032,0.59,0.2873836314996513,2023,3,28,"S0107-TC-20230328-1054"
"No","MB",-0.739,-0.396,0.434,0.219,-0.9853333333333333,-0.396,0.5786666666666667,0.219,0.937312987653264,2023,3,28,"S0107-TC-20230328-1054"
"Yes","MB",-0.496,-0.604,0.857,0.027,-0.6613333333333333,-0.604,1.1426666666666665,0.027,0.8172159002772592,2023,3,28,"S0107-TC-20230328-1054"
"Yes","MB",0.121,0.435,-0.362,0.038,0.16133333333333333,0.435,-0.48266666666666663,0.038,0.42925875,2023,3,28,"S0107-TC-20230328-1054"
"No","MB",0.556,-0.021,-0.34600000000000003,0.203,0.7413333333333334,-0.021,-0.4613333333333334,0.203,0.7720501346024151,2023,3,28,"S0107-TC-20230328-1054"
"Yes","MB",-0.363,-0.624,-0.043000000000000003,0.057,-0.484,-0.624,-0.05733333333333333,0.057,0.4843540833333333,2023,3,28,"S0107-TC-20230328-1054"
"Yes","MB",-0.183,-0.406,-0.052000000000000005,-0.75,-0.244,-0.406,-0.06933333333333333,-0.75,0.09688485700463169,2023,3,28,"S0107-TC-20230328-1054"
"Yes","MB",-0.519,-0.218,-0.329,-0.53,-0.692,-0.218,-0.43866666666666665,-0.53,0.12100695879622349,2023,3,28,"S0107-TC-20230328-1054"
"No","MB",-0.034,0.47900000000000004,-0.156,-0.156,-0.04533333333333334,0.47900000000000004,-0.208,-0.156,0.3222640833333334,2023,3,28,"S0107-TC-20230328-1054"
"Yes","MB",-0.202,0.362,-0.315,0.005,-0.2693333333333333,0.362,-0.42,0.005,0.11261208333333331,2023,3,28,"S0107-TC-20230328-1054"
"No","MB",-0.126,0.055,0.024,0.038,-0.16799999999999998,0.055,0.032,0.038,0.030216749999999994,2023,3,28,"S0107-TC-20230328-1054"
"Yes","MB",0.367,0.633,0.423,0.2,0.4893333333333333,0.633,0.564,0.2,0.14479808333333333,2023,3,28,"S0107-TC-20230328-1054"
"No","MB",-0.223,-0.393,-0.428,0.376,-0.29733333333333334,-0.393,-0.5706666666666667,0.376,0.4010034196677152,2023,3,28,"S0107-TC-20230328-1054"
"Yes","MB",-0.021,0.9420000000000001,0.082,0.318,-0.028,0.9420000000000001,0.10933333333333334,0.318,0.3061773333333334,2023,3,28,"S0107-TC-20230328-1054"
"No","MB",-0.255,0.626,-0.211,0.189,-0.33999999999999997,0.626,-0.2813333333333333,0.189,0.14580808333333334,2023,3,28,"S0107-TC-20230328-1054"
"No","MB",0.6970000000000001,0.486,-0.247,0.027,0.9293333333333333,0.486,-0.3293333333333333,0.027,0.9048340454817586,2023,3,28,"S0107-TC-20230328-1054"
"No","MB",0.34400000000000003,-0.882,0.225,0.225,0.45866666666666667,-0.882,0.3,0.225,0.7698826026722527,2023,3,28,"S0107-TC-20230328-1054"
"Yes","MB",-0.859,0.125,0.733,0.195,-1.1453333333333333,0.125,0.9773333333333333,0.195,0.9587084566318802,2023,3,28,"S0107-TC-20230328-1054"
"No","MB",0.081,0.808,0.48,-0.2,0.108,0.808,0.6399999999999999,-0.2,0.6410180954828087,2023,3,28,"S0107-TC-20230328-1054"
"No","MB",0.67,-0.718,-0.28,-0.535,0.8933333333333333,-0.718,-0.37333333333333335,-0.535,0.7291778573803255,2023,3,28,"S0107-TC-20230328-1054"
"Yes","MB",0.042,-0.042,-0.467,-0.01,0.056,-0.042,-0.6226666666666667,-0.01,0.3462093333333335,2023,3,29,"S0107-TC-20230329-1132"
"Yes","MB",0.641,-0.527,0.156,0.34,0.8546666666666667,-0.527,0.208,0.34,0.7004692867455679,2023,3,29,"S0107-TC-20230329-1132"
"No","MB",-0.637,-0.006,-0.384,0.23600000000000002,-0.8493333333333333,-0.006,-0.512,0.23600000000000002,0.12926833333333332,2023,3,29,"S0107-TC-20230329-1132"
"Yes","MB",-0.6930000000000001,0.306,0.129,0.34600000000000003,-0.924,0.306,0.172,0.34600000000000003,0.7157778627418676,2023,3,29,"S0107-TC-20230329-1132"
"No","MB",0.393,0.066,-0.403,-0.17,0.524,0.066,-0.5373333333333333,-0.17,0.660677496415232,2023,3,29,"S0107-TC-20230329-1132"
"Yes","MB",-0.135,0.251,0.14200000000000002,0.34,-0.18,0.251,0.18933333333333335,0.34,0.10824608333333335,2023,3,29,"S0107-TC-20230329-1132"
"Yes","MB",-0.427,-0.526,-0.274,0.219,-0.5693333333333332,-0.526,-0.36533333333333334,0.219,0.439643652996777,2023,3,29,"S0107-TC-20230329-1132"
"No","MB",-0.2,0.883,0.14,0.016,-0.26666666666666666,0.883,0.18666666666666668,0.016,0.7164374975901047,2023,3,29,"S0107-TC-20230329-1132"
"No","MB",-0.56,-0.706,-0.247,0.247,-0.7466666666666667,-0.706,-0.3293333333333333,0.247,0.6839376637800746,2023,3,29,"S0107-TC-20230329-1132"
"No","MB",0.47800000000000004,-0.648,-0.304,-0.906,0.6373333333333333,-0.648,-0.4053333333333333,-0.906,0.39125291237095666,2023,3,29,"S0107-TC-20230329-1132"
"No","MB",-0.059000000000000004,-0.14,-0.304,0.222,-0.07866666666666666,-0.14,-0.4053333333333333,0.222,0.1783163333333333,2023,3,29,"S0107-TC-20230329-1132"
"Yes","MB",-0.8200000000000001,-0.035,-0.362,-0.027,-1.0933333333333333,-0.035,-0.48266666666666663,-0.027,0.2797333333333334,2023,3,29,"S0107-TC-20230329-1132"
"No","MB",-0.197,-0.332,0.021,0.211,-0.26266666666666666,-0.332,0.028,0.211,0.2845020833333334,2023,3,29,"S0107-TC-20230329-1132"
"Yes","MB",0.041,0.07100000000000001,0.178,0.8130000000000001,0.05466666666666667,0.07100000000000001,0.2373333333333333,0.8130000000000001,0.2590251232332721,2023,3,29,"S0107-TC-20230329-1132"
"Yes","MB",-0.402,0.059000000000000004,-0.494,0.008,-0.536,0.059000000000000004,-0.6586666666666666,0.008,0.013236083333333318,2023,3,29,"S0107-TC-20230329-1132"
"Yes","MB",-0.02,0.23500000000000001,-0.373,0.156,-0.026666666666666665,0.23500000000000001,-0.4973333333333333,0.156,0.1708260833333333,2023,3,29,"S0107-TC-20230329-1132"
"No","MB",0.201,-0.975,-0.41200000000000003,-0.112,0.268,-0.975,-0.5493333333333333,-0.112,0.7231725667820791,2023,3,29,"S0107-TC-20230329-1132"
"Yes","MB",0.107,0.276,-0.678,0.39,0.14266666666666666,0.276,-0.904,0.39,0.4375152228726592,2023,3,29,"S0107-TC-20230329-1132"
"No","MB",0.925,0.298,0.052000000000000005,0.222,1.2333333333333334,0.298,0.06933333333333333,0.222,0.8568719507828468,2023,3,29,"S0107-TC-20230329-1132"
"No","MB",-0.773,-0.031,-0.255,0.381,-1.0306666666666666,-0.031,-0.33999999999999997,0.381,0.42801312251985923,2023,3,29,"S0107-TC-20230329-1132"
"Yes","MB",0.712,0.382,0.887,0.046,0.9493333333333333,0.382,1.1826666666666665,0.046,0.08439890746204118,2023,3,29,"S0107-TC-20230329-1132"
"Yes","MB",0.521,0.362,-0.428,-0.203,0.6946666666666667,0.362,-0.5706666666666667,-0.203,0.8105602342292868,2023,3,29,"S0107-TC-20230329-1132"
"No","MB",-0.46900000000000003,0.13,0.06,0.219,-0.6253333333333333,0.13,0.07999999999999999,0.219,0.37906208333333324,2023,3,29,"S0107-TC-20230329-1132"
"No","MB",-0.857,-0.019,-0.5630000000000001,0.167,-1.1426666666666665,-0.019,-0.7506666666666667,0.167,0.14119499999999988,2023,3,29,"S0107-TC-20230329-1132"
"Yes","MB",-0.038,0.294,0.054,0.2,-0.050666666666666665,0.294,0.072,0.2,0.017912333333333332,2023,3,29,"S0107-TC-20230329-1132"
"No","MB",0.842,-0.502,0.274,0.20600000000000002,1.1226666666666665,-0.502,0.36533333333333334,0.20600000000000002,0.6880150641395176,2023,3,29,"S0107-TC-20230329-1202"
"No","MB",-0.155,0.842,-0.313,0.804,-0.20666666666666667,0.842,-0.41733333333333333,0.804,0.03026302754384727,2023,3,29,"S0107-TC-20230329-1202"
"No","MB",-0.801,-0.491,-0.722,-0.258,-1.068,-0.491,-0.9626666666666666,-0.258,0.04903808333333336,2023,3,29,"S0107-TC-20230329-1202"
"No","MB",-0.042,-0.68,-0.541,0.013000000000000001,-0.056,-0.68,-0.7213333333333334,0.013000000000000001,0.5123617998723322,2023,3,29,"S0107-TC-20230329-1202"
"Yes","MB",-0.166,0.98,-0.074,0.225,-0.22133333333333333,0.98,-0.09866666666666665,0.225,0.4388040833333333,2023,3,29,"S0107-TC-20230329-1202"
"No","MB",-0.712,0.398,-0.557,0.489,-0.9493333333333333,0.398,-0.7426666666666667,0.489,0.03824408333333329,2023,3,29,"S0107-TC-20230329-1202"
"No","MB",-0.157,-0.519,-0.428,0.494,-0.20933333333333332,-0.519,-0.5706666666666667,0.494,0.5407916942273367,2023,3,29,"S0107-TC-20230329-1202"
"Yes","MB",0.166,-0.11,0.2,-0.725,0.22133333333333333,-0.11,0.26666666666666666,-0.725,0.20498578691648323,2023,3,29,"S0107-TC-20230329-1202"
"No","MB",-0.789,0.38,-0.6920000000000001,-0.14,-1.052,0.38,-0.9226666666666667,-0.14,0.18864104057497963,2023,3,29,"S0107-TC-20230329-1202"
"No","MB",0.354,-0.40800000000000003,0.461,0.5630000000000001,0.472,-0.40800000000000003,0.6146666666666667,0.5630000000000001,0.4374538849237417,2023,3,29,"S0107-TC-20230329-1202"
"Yes","MB",-0.057,-0.812,-0.651,-0.56,-0.076,-0.812,-0.868,-0.56,0.2803402971561532,2023,3,29,"S0107-TC-20230329-1202"
"No","MB",-0.268,-0.582,-0.879,0.41200000000000003,-0.35733333333333334,-0.582,-1.172,0.41200000000000003,0.44901470121799436,2023,3,29,"S0107-TC-20230329-1202"
"Yes","MB",0.597,-0.11900000000000001,-0.392,0.277,0.7959999999999999,-0.11900000000000001,-0.5226666666666666,0.277,0.8161045528935672,2023,3,29,"S0107-TC-20230329-1202"
"Yes","MB",-0.732,0.078,0.07100000000000001,0.214,-0.976,0.078,0.09466666666666668,0.214,0.7697164185063273,2023,3,29,"S0107-TC-20230329-1202"
"No","MB",-0.39,-0.559,0.538,0.445,-0.52,-0.559,0.7173333333333334,0.445,0.8116335524925495,2023,3,29,"S0107-TC-20230329-1202"
"No","MB",0.707,-0.155,-0.247,0.41400000000000003,0.9426666666666665,-0.155,-0.3293333333333333,0.41400000000000003,0.8718706133600707,2023,3,29,"S0107-TC-20230329-1202"
"Yes","MB",-0.667,0.169,-0.491,-0.343,-0.8893333333333333,0.169,-0.6546666666666666,-0.343,0.2246555906150306,2023,3,29,"S0107-TC-20230329-1202"
"No","MB",-0.081,0.7030000000000001,-0.387,0.016,-0.108,0.7030000000000001,-0.516,0.016,0.47882475000000013,2023,3,29,"S0107-TC-20230329-1202"
"No","MB",0.272,-0.079,0.032,0.379,0.3626666666666667,-0.079,0.042666666666666665,0.379,0.23412300000000003,2023,3,29,"S0107-TC-20230329-1202"
"No","MB",0.789,0.315,-0.329,0.535,1.052,0.315,-0.43866666666666665,0.535,0.8542986886829318,2023,3,29,"S0107-TC-20230329-1202"
"No","MB",-0.633,-0.669,-0.7030000000000001,-0.258,-0.844,-0.669,-0.9373333333333334,-0.258,0.12118513216222805,2023,3,31,"S0107-TC-20230331-1133"
"No","MB",0.395,-0.56,0.362,0.28500000000000003,0.5266666666666666,-0.56,0.48266666666666663,0.28500000000000003,0.470462622446342,2023,3,31,"S0107-TC-20230331-1133"
"No","MB",0.773,0.018000000000000002,-0.271,0.326,1.0306666666666666,0.018000000000000002,-0.36133333333333334,0.326,0.8983431644735933,2023,3,31,"S0107-TC-20230331-1133"
"Yes","MB",-0.275,-0.648,0.068,0.461,-0.3666666666666667,-0.648,0.09066666666666667,0.461,0.7538681254360684,2023,3,31,"S0107-TC-20230331-1133"
"No","MB",-0.9400000000000001,0.023,-0.365,0.502,-1.2533333333333334,0.023,-0.48666666666666664,0.502,0.4374259493157593,2023,3,31,"S0107-TC-20230331-1133"
"No","MB",-0.263,0.585,-0.335,0.664,-0.3506666666666667,0.585,-0.44666666666666666,0.664,0.011592750000000004,2023,3,31,"S0107-TC-20230331-1133"
"No","MB",-0.011,0.321,-0.379,0.354,-0.014666666666666665,0.321,-0.5053333333333333,0.354,0.18138208333333333,2023,3,31,"S0107-TC-20230331-1133"
"No","MB",0.783,0.335,0.10400000000000001,0.26,1.044,0.335,0.13866666666666666,0.26,0.5766342219538895,2023,3,31,"S0107-TC-20230331-1133"
"Yes","MB",-0.342,0.294,-0.06,0.335,-0.456,0.294,-0.07999999999999999,0.335,0.10729275000000002,2023,3,31,"S0107-TC-20230331-1133"
"Yes","MB",-0.496,-0.664,-0.8320000000000001,-0.41400000000000003,-0.6613333333333333,-0.664,-1.1093333333333333,-0.41400000000000003,0.10821504020558248,2023,3,31,"S0107-TC-20230331-1133"
"No","MB",0.267,0.646,-0.164,-0.34,0.356,0.646,-0.21866666666666668,-0.34,0.75297813801204,2023,3,31,"S0107-TC-20230331-1133"
"Yes","MB",-0.448,-0.244,0.56,-0.28,-0.5973333333333333,-0.244,0.7466666666666667,-0.28,0.6968242648542984,2023,3,31,"S0107-TC-20230331-1133"
"No","MB",0.547,-0.171,-0.521,0.332,0.7293333333333334,-0.171,-0.6946666666666667,0.332,0.8004399287773319,2023,3,31,"S0107-TC-20230331-1133"
"No","MB",-0.334,-0.745,-0.453,0.082,-0.44533333333333336,-0.745,-0.604,0.082,0.48138281815729295,2023,3,31,"S0107-TC-20230331-1133"
"Yes","MB",-0.09,-0.082,0.131,0.192,-0.12,-0.082,0.17466666666666666,0.192,0.12142833333333333,2023,3,31,"S0107-TC-20230331-1133"
"Yes","MB",-0.802,-0.276,-0.431,0.623,-1.0693333333333332,-0.276,-0.5746666666666667,0.623,0.45342454065527765,2023,3,31,"S0107-TC-20230331-1133"
"Yes","MB",0.67,-0.63,-0.519,0.7030000000000001,0.8933333333333333,-0.63,-0.692,0.7030000000000001,0.9721794173241011,2023,3,31,"S0107-TC-20230331-1133"
"Yes","MB",-0.811,-0.262,-0.936,0.01,-1.0813333333333333,-0.262,-1.248,0.01,0.04764710075833003,2023,3,31,"S0107-TC-20230331-1133"
"Yes","MB",0.106,-0.618,0.178,0.425,0.1413333333333333,-0.618,0.2373333333333333,0.425,0.6253014844549609,2023,3,31,"S0107-TC-20230331-1133"
"Yes","MB",0.03,0.398,0.535,0.315,0.039999999999999994,0.398,0.7133333333333334,0.315,0.2929837885610263,2023,3,31,"S0107-TC-20230331-1133"
"No","MB",0.123,0.721,0.225,-0.07100000000000001,0.16399999999999998,0.721,0.3,-0.07100000000000001,0.48432,2023,3,31,"S0107-TC-20230331-1133"
"No","MB",0.02,0.336,-0.35100000000000003,0.489,0.026666666666666665,0.336,-0.468,0.489,0.19034676856902852,2023,3,31,"S0107-TC-20230331-1133"
"Yes","MB",0.153,-0.447,-0.5630000000000001,-0.673,0.204,-0.447,-0.7506666666666667,-0.673,0.36052178714882854,2023,3,31,"S0107-TC-20230331-1133"
"No","MB",-0.319,0.491,0.28,0.304,-0.42533333333333334,0.491,0.37333333333333335,0.304,0.46088908559680364,2023,3,31,"S0107-TC-20230331-1133"
"Yes","MB",0.242,-0.8180000000000001,-0.739,0.401,0.32266666666666666,-0.8180000000000001,-0.9853333333333333,0.401,0.800667543099342,2023,3,31,"S0107-TC-20230331-1133"
"No","MB",-0.447,-0.812,-0.491,0.6970000000000001,-0.596,-0.812,-0.6546666666666666,0.6970000000000001,0.7148089397795061,2023,3,31,"S0107-TC-20230331-1133"
"Yes","MB",-0.109,0.6980000000000001,-0.002,0.299,-0.14533333333333331,0.6980000000000001,-0.0026666666666666666,0.299,0.13466608333333335,2023,3,31,"S0107-TC-20230331-1133"
"No","MB",0.449,-0.185,0.326,-0.046,0.5986666666666667,-0.185,0.43466666666666665,-0.046,0.03466275000000002,2023,3,31,"S0107-TC-20230331-1133"
"Yes","MB",-0.46900000000000003,0.599,-0.769,-0.277,-0.6253333333333333,0.599,-1.0253333333333332,-0.277,0.3609907463144635,2023,3,31,"S0107-TC-20230331-1133"
"No","MB",-0.15,0.681,-0.299,-0.035,-0.19999999999999998,0.681,-0.3986666666666666,-0.035,0.4140933333333335,2023,3,31,"S0107-TC-20230331-1133"
"No","MB",-0.076,0.181,0.085,0.40900000000000003,-0.10133333333333333,0.181,0.11333333333333334,0.40900000000000003,0.07354933333333334,2023,3,31,"S0107-TC-20230331-1133"
"Yes","MB",0.391,-0.616,-0.211,0.101,0.5213333333333333,-0.616,-0.2813333333333333,0.101,0.7827099213085218,2023,3,31,"S0107-TC-20230331-1133"
"Yes","MB",0.47500000000000003,0.34600000000000003,0.25,0.439,0.6333333333333333,0.34600000000000003,0.3333333333333333,0.439,0.07398675,2023,3,31,"S0107-TC-20230331-1133"
"Yes","MB",0.28300000000000003,-0.5650000000000001,-0.653,0.535,0.37733333333333335,-0.5650000000000001,-0.8706666666666667,0.535,0.7625217617293549,2023,3,31,"S0107-TC-20230331-1133"
"No","MB",0.731,-0.032,-0.379,-0.335,0.9746666666666666,-0.032,-0.5053333333333333,-0.335,0.8799581670424171,2023,3,31,"S0107-TC-20230331-1133"
"Yes","MB",0.23700000000000002,-0.226,0.184,0.384,0.316,-0.226,0.24533333333333332,0.384,0.28119425203934856,2023,3,31,"S0107-TC-20230331-1133"
"Yes","MB",0.373,0.391,-0.269,0.20800000000000002,0.4973333333333333,0.391,-0.3586666666666667,0.20800000000000002,0.5405603954606674,2023,3,31,"S0107-TC-20230331-1133"
"No","MB",-0.49,-0.076,-0.387,0.48,-0.6533333333333333,-0.076,-0.516,0.48,0.22103927134471385,2023,3,31,"S0107-TC-20230331-1133"
"No","MB",0.666,-0.07100000000000001,0.107,0.464,0.888,-0.07100000000000001,0.14266666666666666,0.464,0.5069752661329705,2023,3,31,"S0107-TC-20230331-1133"
"No","MB",0.20400000000000001,0.234,-0.59,-0.47800000000000004,0.272,0.234,-0.7866666666666666,-0.47800000000000004,0.5942436379835293,2023,3,31,"S0107-TC-20230331-1133"
"Yes","MB",0.048,-0.445,0.123,0.12,0.064,-0.445,0.16399999999999998,0.12,0.2469187499999999,2023,3,31,"S0107-TC-20230331-1133"
"Yes","MB",0.74,-0.106,-0.769,0.277,0.9866666666666666,-0.106,-1.0253333333333332,0.277,0.9117231804882039,2023,3,31,"S0107-TC-20230331-1133"
"No","MB",0.092,0.542,0.486,0.296,0.12266666666666666,0.542,0.6479999999999999,0.296,0.24326137022569308,2023,3,31,"S0107-TC-20230331-1133"
"No","MB",0.212,-0.403,-0.47200000000000003,-0.56,0.2826666666666666,-0.403,-0.6293333333333333,-0.56,0.3983142862564162,2023,3,31,"S0107-TC-20230331-1133"
"Yes","MB",0.3,0.503,-0.51,0.368,0.39999999999999997,0.503,-0.6799999999999999,0.368,0.5538918796844134,2023,3,31,"S0107-TC-20230331-1133"
"No","MB",-0.919,-0.195,-0.192,-0.804,-1.2253333333333334,-0.195,-0.256,-0.804,0.5080400103943095,2023,3,31,"S0107-TC-20230331-1133"
"Yes","MB",0.271,-0.027,0.085,0.14200000000000002,0.36133333333333334,-0.027,0.11333333333333334,0.14200000000000002,0.06754874999999999,2023,3,31,"S0107-TC-20230331-1133"
"No","MB",0.045,0.035,-0.763,0.442,0.06,0.035,-1.0173333333333332,0.442,0.43580151625897945,2023,3,31,"S0107-TC-20230331-1133"
"Yes","MB",-0.556,-0.6,-0.228,0.123,-0.7413333333333334,-0.6,-0.304,0.123,0.5337729865493002,2023,3,31,"S0107-TC-20230331-1133"
"No","MB",0.336,-0.281,0.074,-0.791,0.448,-0.281,0.09866666666666665,-0.791,0.1929697571594534,2023,3,31,"S0107-TC-20230331-1133"
"No","MB",-0.256,-0.661,-0.587,0.39,-0.3413333333333333,-0.661,-0.7826666666666666,0.39,0.5380933480683896,2023,4,3,"S0107-TC-20230403-1145"
"Yes","MB",0.497,-0.668,0.225,0.156,0.6626666666666666,-0.668,0.3,0.156,0.5869512539416835,2023,4,3,"S0107-TC-20230403-1145"
"No","MB",0.09,0.267,0.28500000000000003,0.673,0.12,0.267,0.38,0.673,0.14383233249945196,2023,4,3,"S0107-TC-20230403-1145"
"Yes","MB",-0.267,0.41600000000000004,0.057,0.167,-0.356,0.41600000000000004,0.076,0.167,0.18646875,2023,4,3,"S0107-TC-20230403-1145"
"Yes","MB",-0.203,0.265,-0.557,0.219,-0.27066666666666667,0.265,-0.7426666666666667,0.219,0.16867500000000002,2023,4,3,"S0107-TC-20230403-1145"
"No","MB",0.524,-0.5750000000000001,-0.343,0.439,0.6986666666666667,-0.5750000000000001,-0.45733333333333337,0.439,0.8902553809437194,2023,4,3,"S0107-TC-20230403-1145"
"No","MB",-0.223,0.515,0.228,-0.137,-0.29733333333333334,0.515,0.304,-0.137,0.5772895075594221,2023,4,3,"S0107-TC-20230403-1145"
"No","MB",-0.67,0.553,-0.156,0.109,-0.8933333333333333,0.553,-0.208,0.109,0.5001133333333334,2023,4,3,"S0107-TC-20230403-1145"
"No","MB",0.054,0.664,-0.258,0.269,0.072,0.664,-0.344,0.269,0.24681074999999997,2023,4,3,"S0107-TC-20230403-1145"
"Yes","MB",-0.116,0.961,0.057,-0.28500000000000003,-0.15466666666666667,0.961,0.076,-0.28500000000000003,0.9197523632561259,2023,4,3,"S0107-TC-20230403-1145"
"Yes","MB",-0.966,0.114,0.453,-0.293,-1.2879999999999998,0.114,0.604,-0.293,0.9962554581652531,2023,4,3,"S0107-TC-20230403-1145"
"No","MB",-0.152,0.557,-0.447,0.604,-0.20266666666666666,0.557,-0.596,0.604,0.1037395144539838,2023,4,3,"S0107-TC-20230403-1145"
"Yes","MB",0.794,-0.126,-0.631,0.313,1.0586666666666666,-0.126,-0.8413333333333333,0.313,0.9373637559674625,2023,4,3,"S0107-TC-20230403-1145"
"Yes","MB",-0.6950000000000001,-0.5760000000000001,0.107,-0.837,-0.9266666666666667,-0.5760000000000001,0.14266666666666666,-0.837,0.4691141417315329,2023,4,3,"S0107-TC-20230403-1145"
"Yes","MB",0.664,-0.636,0.129,0.181,0.8853333333333333,-0.636,0.172,0.181,0.7835793166648701,2023,4,3,"S0107-TC-20230403-1145"
"No","MB",-0.532,-0.336,0.535,0.217,-0.7093333333333334,-0.336,0.7133333333333334,0.217,0.8160465142137344,2023,4,3,"S0107-TC-20230403-1145"
"Yes","MB",-0.771,-0.445,-0.521,0.53,-1.028,-0.445,-0.6946666666666667,0.53,0.4584897446329028,2023,4,3,"S0107-TC-20230403-1145"
"No","MB",0.099,-0.258,-0.489,-0.315,0.132,-0.258,-0.6519999999999999,-0.315,0.37809802065190723,2023,4,3,"S0107-TC-20230403-1145"
"No","MB",0.081,0.577,0.5710000000000001,0.013000000000000001,0.108,0.577,0.7613333333333334,0.013000000000000001,0.4358160319483841,2023,4,3,"S0107-TC-20230403-1145"
"No","MB",0.521,0.23600000000000002,0.123,0.184,0.6946666666666667,0.23600000000000002,0.16399999999999998,0.184,0.2132333333333333,2023,4,3,"S0107-TC-20230403-1145"
"Yes","MB",-0.269,0.802,-0.211,0.192,-0.3586666666666667,0.802,-0.2813333333333333,0.192,0.28356033333333347,2023,4,3,"S0107-TC-20230403-1145"
"No","MB",0.72,-0.029,0.189,0.28,0.96,-0.029,0.252,0.28,0.4352865655863129,2023,4,3,"S0107-TC-20230403-1145"
"No","MB",-0.221,0.079,0.486,-0.324,-0.29466666666666663,0.079,0.6479999999999999,-0.324,0.5379998455441517,2023,4,3,"S0107-TC-20230403-1145"
"Yes","MB",-0.787,-0.14200000000000002,0.049,0.293,-1.0493333333333332,-0.14200000000000002,0.06533333333333333,0.293,0.8479537903633163,2023,4,3,"S0107-TC-20230403-1145"
"No","MB",0.168,0.7030000000000001,-0.258,0.291,0.224,0.7030000000000001,-0.344,0.291,0.3640314224685802,2023,4,3,"S0107-TC-20230403-1145"
"No","EK",-0.034,0.52,0.145,-0.519,-0.04533333333333334,0.52,0.1933333333333333,-0.519,0.6000897234682188,2023,4,3,"S0107-TC-20230403-1210"
"Yes","EK",-0.026000000000000002,-0.057,-0.969,0.085,-0.034666666666666665,-0.057,-1.2919999999999998,0.085,0.4200559639994714,2023,4,3,"S0107-TC-20230403-1210"
"Yes","EK",-0.398,-0.17400000000000002,-0.255,0.17300000000000001,-0.5306666666666666,-0.17400000000000002,-0.33999999999999997,0.17300000000000001,0.11757208333333333,2023,4,3,"S0107-TC-20230403-1210"
"Yes","EK",0.804,-0.485,-0.368,-0.043000000000000003,1.072,-0.485,-0.49066666666666664,-0.043000000000000003,0.9550578659143312,2023,4,3,"S0107-TC-20230403-1210"
"Yes","EK",-0.766,0.605,-0.329,0.09,-1.0213333333333332,0.605,-0.43866666666666665,0.09,0.4535440833333332,2023,4,3,"S0107-TC-20230403-1210"
"Yes","EK",0.551,-0.74,-0.335,-0.255,0.7346666666666667,-0.74,-0.44666666666666666,-0.255,0.7994280244058309,2023,4,3,"S0107-TC-20230403-1210"
"No","EK",0.122,0.10200000000000001,-0.42,0.008,0.16266666666666665,0.10200000000000001,-0.5599999999999999,0.008,0.3983123333333332,2023,4,3,"S0107-TC-20230403-1210"
"No","EK",0.425,-0.836,-0.434,0.34600000000000003,0.5666666666666667,-0.836,-0.5786666666666667,0.34600000000000003,0.9098340521723364,2023,4,3,"S0107-TC-20230403-1210"
"No","EK",0.295,-0.632,-0.28200000000000003,0.164,0.3933333333333333,-0.632,-0.376,0.164,0.7477498475878418,2023,4,3,"S0107-TC-20230403-1210"
"Yes","EK",-0.538,0.456,-0.192,0.184,-0.7173333333333334,0.456,-0.256,0.184,0.21510933333333337,2023,4,3,"S0107-TC-20230403-1210"
"Yes","EK",-0.845,0.17200000000000001,0.497,0.505,-1.1266666666666665,0.17200000000000001,0.6626666666666666,0.505,0.9256976247738236,2023,4,4,"S0107-TC-20230404-1141"
"No","EK",-0.137,0.6920000000000001,-0.324,0.64,-0.18266666666666667,0.6920000000000001,-0.432,0.64,0.04865333333333334,2023,4,4,"S0107-TC-20230404-1141"
"Yes","EK",0.272,0.279,0.277,0.843,0.3626666666666667,0.279,0.36933333333333335,0.843,0.14147638463798512,2023,4,4,"S0107-TC-20230404-1141"
"Yes","EK",-0.763,0.20500000000000002,-0.362,-0.535,-1.0173333333333332,0.20500000000000002,-0.48266666666666663,-0.535,0.431772618568372,2023,4,4,"S0107-TC-20230404-1141"
"Yes","EK",-0.308,-0.041,-0.651,-0.513,-0.4106666666666666,-0.041,-0.868,-0.513,0.20330288561306972,2023,4,4,"S0107-TC-20230404-1141"
"Yes","EK",-0.888,0.452,-0.799,0.085,-1.184,0.452,-1.0653333333333332,0.085,0.09660941322481882,2023,4,4,"S0107-TC-20230404-1141"
"No","EK",-0.709,-0.5660000000000001,-0.20600000000000002,-0.145,-0.9453333333333332,-0.5660000000000001,-0.27466666666666667,-0.145,0.4702760833333332,2023,4,4,"S0107-TC-20230404-1141"
"Yes","EK",0.277,0.322,-0.016,0.381,0.36933333333333335,0.322,-0.021333333333333333,0.381,0.11707608333333334,2023,4,4,"S0107-TC-20230404-1141"
"Yes","EK",0.332,-0.002,0.17300000000000001,0.057,0.44266666666666665,-0.002,0.2306666666666667,0.057,0.03631874999999999,2023,4,4,"S0107-TC-20230404-1141"
"Yes","EK",0.152,0.14,0.074,0.34600000000000003,0.20266666666666666,0.14,0.09866666666666665,0.34600000000000003,0.03993900000000001,2023,4,4,"S0107-TC-20230404-1141"
"Yes","EK",0.841,-0.215,-0.722,-0.12,1.1213333333333333,-0.215,-0.9626666666666666,-0.12,0.9539968269557682,2023,4,4,"S0107-TC-20230404-1141"
"No","EK",0.808,-0.444,0.074,0.189,1.0773333333333333,-0.444,0.09866666666666665,0.189,0.8712635346378507,2023,4,4,"S0107-TC-20230404-1141"
"No","EK",0.494,0.213,-0.464,0.417,0.6586666666666666,0.213,-0.6186666666666667,0.417,0.6935187604553199,2023,4,4,"S0107-TC-20230404-1141"
"Yes","EK",-0.647,-0.398,0.038,0.23900000000000002,-0.8626666666666667,-0.398,0.050666666666666665,0.23900000000000002,0.7949191011949709,2023,4,4,"S0107-TC-20230404-1141"
"Yes","EK",-0.9480000000000001,-0.047,-0.401,-0.766,-1.264,-0.047,-0.5346666666666666,-0.766,0.4005154511812159,2023,4,4,"S0107-TC-20230404-1141"
"No","EK",-0.503,0.609,0.063,0.189,-0.6706666666666666,0.609,0.08399999999999999,0.189,0.5518386954658238,2023,4,4,"S0107-TC-20230404-1141"
"No","EK",-0.463,0.757,-0.384,0.002,-0.6173333333333333,0.757,-0.512,0.002,0.4358400833333333,2023,4,4,"S0107-TC-20230404-1141"
"Yes","EK",-0.33,-0.643,-0.332,0.618,-0.44,-0.643,-0.44266666666666665,0.618,0.6549860258787916,2023,4,4,"S0107-TC-20230404-1141"
"Yes","EK",-0.092,-0.498,0.11800000000000001,-0.052000000000000005,-0.12266666666666666,-0.498,0.15733333333333333,-0.052000000000000005,0.207987,2023,4,4,"S0107-TC-20230404-1141"
"Yes","EK",-0.097,0.006,0.129,0.423,-0.12933333333333333,0.006,0.172,0.423,0.19851808333333332,2023,4,4,"S0107-TC-20230404-1141"
"Yes","EK",0.728,-0.125,-0.848,0.277,0.9706666666666666,-0.125,-1.1306666666666665,0.277,0.9080372054212867,2023,4,4,"S0107-TC-20230404-1141"
"No","EK",-0.507,-0.47200000000000003,0.131,0.126,-0.6759999999999999,-0.47200000000000003,0.17466666666666666,0.126,0.7589126455622853,2023,4,4,"S0107-TC-20230404-1141"
"Yes","EK",-0.587,-0.248,0.162,0.211,-0.7826666666666666,-0.248,0.216,0.211,0.7779977442624324,2023,4,4,"S0107-TC-20230404-1141"
"Yes","EK",-0.374,0.329,-0.5710000000000001,0.5630000000000001,-0.49866666666666665,0.329,-0.7613333333333334,0.5630000000000001,0.07966040762392372,2023,4,4,"S0107-TC-20230404-1141"
"No","EK",0.525,-0.065,-0.211,-0.59,0.7,-0.065,-0.2813333333333333,-0.59,0.5909167637365459,2023,4,4,"S0107-TC-20230404-1141"
"Yes","EK",-0.056,0.247,-0.332,0.131,-0.07466666666666666,0.247,-0.44266666666666665,0.131,0.11165999999999998,2023,4,5,"S0107-TC-20230405-1136"
"No","EK",-0.067,-0.515,0.17300000000000001,0.26,-0.08933333333333333,-0.515,0.2306666666666667,0.26,0.5034289027971165,2023,4,5,"S0107-TC-20230405-1136"
"No","EK",-0.145,0.33,-0.384,0.332,-0.1933333333333333,0.33,-0.512,0.332,0.07616433333333335,2023,4,5,"S0107-TC-20230405-1136"
"No","EK",0.786,0.017,0.291,0.343,1.048,0.017,0.38799999999999996,0.343,0.378924390848099,2023,4,5,"S0107-TC-20230405-1136"
"Yes","EK",0.581,0.637,-0.686,-0.609,0.7746666666666666,0.637,-0.9146666666666667,-0.609,0.9313547070927122,2023,4,5,"S0107-TC-20230405-1136"
"No","EK",0.544,0.217,-0.233,0.151,0.7253333333333334,0.217,-0.31066666666666665,0.151,0.7257246215176697,2023,4,5,"S0107-TC-20230405-1136"
"Yes","EK",0.005,-0.056,0.181,0.074,0.006666666666666666,-0.056,0.24133333333333332,0.074,0.053976333333333334,2023,4,5,"S0107-TC-20230405-1136"
"Yes","EK",-0.892,-0.152,-0.258,-0.307,-1.1893333333333334,-0.152,-0.344,-0.307,0.4974009556954388,2023,4,5,"S0107-TC-20230405-1136"
"No","EK",-0.649,-0.583,-0.25,0.31,-0.8653333333333333,-0.583,-0.3333333333333333,0.31,0.6550390615312229,2023,4,5,"S0107-TC-20230405-1136"
"Yes","EK",0.591,0.527,-0.8290000000000001,0.35100000000000003,0.7879999999999999,0.527,-1.1053333333333333,0.35100000000000003,0.8092179207546715,2023,4,5,"S0107-TC-20230405-1136"
"No","EK",-0.031,0.433,0.645,0.645,-0.04133333333333333,0.433,0.86,0.645,0.30873687510774295,2023,4,5,"S0107-TC-20230405-1136"
"No","EK",-0.837,0.184,-0.112,0.615,-1.1159999999999999,0.184,-0.14933333333333332,0.615,0.5496730280068324,2023,4,5,"S0107-TC-20230405-1136"
"No","EK",0.59,0.654,-0.678,-0.486,0.7866666666666666,0.654,-0.904,-0.486,0.930080343907305,2023,4,5,"S0107-TC-20230405-1136"
"No","EK",0.303,0.616,-0.436,0.263,0.40399999999999997,0.616,-0.5813333333333333,0.263,0.5952284297127418,2023,4,5,"S0107-TC-20230405-1136"
"Yes","EK",-0.47300000000000003,0.324,-0.34800000000000003,0.23900000000000002,-0.6306666666666667,0.324,-0.464,0.23900000000000002,0.026252083333333336,2023,4,5,"S0107-TC-20230405-1136"
"Yes","EK",-0.432,0.85,0.126,0.332,-0.576,0.85,0.16799999999999998,0.332,0.5478940551017526,2023,4,5,"S0107-TC-20230405-1136"
"No","EK",0.46900000000000003,-0.706,-0.184,0.258,0.6253333333333333,-0.706,-0.24533333333333332,0.258,0.8960125489728628,2023,4,5,"S0107-TC-20230405-1136"
"Yes","EK",0.522,-0.271,0.401,0.46900000000000003,0.696,-0.271,0.5346666666666666,0.46900000000000003,0.33884796077009294,2023,4,5,"S0107-TC-20230405-1136"
"Yes","EK",0.07200000000000001,-0.768,-0.313,0.799,0.096,-0.768,-0.41733333333333333,0.799,0.8378405980456495,2023,4,5,"S0107-TC-20230405-1136"
"Yes","EK",0.678,-0.619,0.134,0.20800000000000002,0.904,-0.619,0.17866666666666667,0.20800000000000002,0.7858805991244686,2023,4,5,"S0107-TC-20230405-1136"
"No","EK",-0.487,-0.811,-0.274,0.376,-0.6493333333333333,-0.811,-0.36533333333333334,0.376,0.7618330102593645,2023,4,5,"S0107-TC-20230405-1136"
"Yes","EK",0.005,-0.6890000000000001,0.28800000000000003,0.46900000000000003,0.006666666666666666,-0.6890000000000001,0.384,0.46900000000000003,0.7118893097310403,2023,4,5,"S0107-TC-20230405-1136"
"Yes","EK",0.196,0.34900000000000003,-0.75,0.074,0.2613333333333333,0.34900000000000003,-1.,0.074,0.5688533079874044,2023,4,5,"S0107-TC-20230405-1136"
"Yes","EK",0.323,-0.226,0.189,0.156,0.43066666666666664,-0.226,0.252,0.156,0.13338433333333335,2023,4,5,"S0107-TC-20230405-1136"
"No","EK",0.211,0.459,-0.62,0.063,0.2813333333333333,0.459,-0.8266666666666667,0.063,0.5881403002244701,2023,4,5,"S0107-TC-20230405-1136"
"No","EK",0.333,0.324,-0.802,-0.148,0.444,0.324,-1.0693333333333332,-0.148,0.6878514523193764,2023,4,5,"S0107-TC-20230405-1136"
"No","EK",0.613,0.671,0.184,0.373,0.8173333333333332,0.671,0.24533333333333332,0.373,0.3078211870015722,2023,4,5,"S0107-TC-20230405-1136"
"No","EK",0.745,0.426,-0.436,-0.447,0.9933333333333333,0.426,-0.5813333333333333,-0.447,0.9539632436667367,2023,4,5,"S0107-TC-20230405-1136"
"Yes","EK",0.149,0.32,0.453,-0.258,0.19866666666666666,0.32,0.604,-0.258,0.34558379643703263,2023,4,5,"S0107-TC-20230405-1136"
"Yes","EK",0.151,0.148,-0.159,0.219,0.2013333333333333,0.148,-0.212,0.219,0.13191408333333332,2023,4,5,"S0107-TC-20230405-1136"
"Yes","EK",0.551,0.353,0.027,0.28200000000000003,0.7346666666666667,0.353,0.036,0.28200000000000003,0.3698820833333334,2023,4,5,"S0107-TC-20230405-1136"
"Yes","EK",-0.24,0.124,-0.178,0.491,-0.31999999999999995,0.124,-0.2373333333333333,0.491,0.10614208333333333,2023,4,5,"S0107-TC-20230405-1136"
"Yes","EK",0.794,0.555,-0.48,-0.335,1.0586666666666666,0.555,-0.6399999999999999,-0.335,0.9837859415248771,2023,4,5,"S0107-TC-20230405-1136"
"No","EK",-0.358,-0.502,0.5650000000000001,-0.733,-0.4773333333333333,-0.502,0.7533333333333334,-0.733,0.5026866054529494,2023,4,5,"S0107-TC-20230405-1136"
"No","EK",0.247,-0.225,-0.293,0.096,0.3293333333333333,-0.225,-0.3906666666666666,0.096,0.46608075000000004,2023,4,5,"S0107-TC-20230405-1136"
"Yes","EK",-0.454,0.277,-0.609,0.167,-0.6053333333333333,0.277,-0.8119999999999999,0.167,0.04110833333333334,2023,4,5,"S0107-TC-20230405-1136"
"Yes","EK",-0.064,0.512,0.09,0.28200000000000003,-0.08533333333333333,0.512,0.12,0.28200000000000003,0.07129633333333332,2023,4,5,"S0107-TC-20230405-1136"
"No","EK",-0.583,-0.457,0.148,-0.26,-0.7773333333333332,-0.457,0.1973333333333333,-0.26,0.656096799235614,2023,4,5,"S0107-TC-20230405-1136"
"Yes","EK",-0.20400000000000001,0.253,-0.549,-0.532,-0.272,0.253,-0.732,-0.532,0.37121121043314,2023,4,5,"S0107-TC-20230405-1136"
"Yes","EK",-0.338,0.748,0.145,0.219,-0.45066666666666666,0.748,0.1933333333333333,0.219,0.5104061953391921,2023,4,5,"S0107-TC-20230405-1136"
"Yes","EK",-0.23600000000000002,-0.884,0.068,0.34,-0.31466666666666665,-0.884,0.09066666666666667,0.34,0.9058247075254446,2023,4,5,"S0107-TC-20230405-1136"
"Yes","EK",-0.117,0.40700000000000003,-0.28,0.324,-0.156,0.40700000000000003,-0.37333333333333335,0.324,0.040592083333333334,2023,4,5,"S0107-TC-20230405-1136"
"No","EK",-0.303,0.9410000000000001,0.151,0.359,-0.40399999999999997,0.9410000000000001,0.2013333333333333,0.359,0.4769519705432598,2023,4,5,"S0107-TC-20230405-1136"
"No","EK",-0.47100000000000003,-0.621,0.406,-0.708,-0.628,-0.621,0.5413333333333333,-0.708,0.5236219831974613,2023,4,5,"S0107-TC-20230405-1136"
"No","EK",0.124,-0.874,-0.64,0.34,0.16533333333333333,-0.874,-0.8533333333333333,0.34,0.7669292256717246,2023,4,5,"S0107-TC-20230405-1136"
"No","EK",-0.68,0.447,-0.28500000000000003,-0.035,-0.9066666666666667,0.447,-0.38,-0.035,0.38227633333333344,2023,4,5,"S0107-TC-20230405-1136"
"No","EK",0.851,0.361,-0.651,0.579,1.1346666666666665,0.361,-0.868,0.579,0.9194212068759315,2023,4,5,"S0107-TC-20230405-1136"
"Yes","EK",0.775,-0.362,0.195,0.219,1.0333333333333332,-0.362,0.26,0.219,0.6385960225730264,2023,4,5,"S0107-TC-20230405-1136"
"Yes","EK",0.246,-0.218,-0.063,-0.153,0.32799999999999996,-0.218,-0.08399999999999999,-0.153,0.13047674999999995,2023,4,5,"S0107-TC-20230405-1136"
"No","EK",-0.762,0.512,-0.763,0.214,-1.016,0.512,-1.0173333333333332,0.214,0.06504885669432948,2023,4,5,"S0107-TC-20230405-1136"
